subreddit,unique_users
depression,83771
houston,37555
Anxiety,37403
SuicideWatch,34721
LosAngeles,28257
Portland,27240
Atlanta,26130
nyc,25546
chicago,24238
boston,22324
Seattle,21325
Denver,15756
sanfrancisco,15454
philadelphia,14840
minnesota,14177
sandiego,13138
newjersey,12868
mentalhealth,12195
Dallas,12163
California,11684
Columbus,10841
pittsburgh,10595
phoenix,9912
Michigan,9509
kansascity,8620
StLouis,8598
florida,8368
Sacramento,7752
vegas,7731
SaltLakeCity,7728
orlando,7535
SanctionedSuicide,7393
baltimore,7360
Minneapolis,7324
cincinnati,7055
tampa,6679
Connecticut,6654
raleigh,6392
Detroit,6220
NewOrleans,6185
Charlotte,6163
Colorado,5948
Louisville,5918
Cleveland,5838
indianapolis,5769
sanantonio,5762
NorthCarolina,5433
Miami,5406
oregon,5213
Ohio,4904
milwaukee,4762
madisonwi,4664
wisconsin,4593
arizona,4561
maryland,4555
Maine,4539
Alabama,4342
Omaha,4144
oklahoma,4067
Indiana,3933
Birmingham,3912
Buffalo,3756
Albuquerque,3491
Tucson,3476
vermont,3462
jacksonville,3367
newhampshire,3301
Washington,3141
Eugene,3088
ColoradoSprings,3087
Knoxville,3074
tulsa,3068
Iowa,3017
LasVegas,2944
HuntsvilleAlabama,2928
Charleston,2914
Chattanooga,2890
massachusetts,2788
Virginia,2772
Kentucky,2754
Utah,2690
Spokane,2646
addiction,2544
lexington,2526
Delaware,2454
Montana,2417
illinois,2301
Tennessee,2274
Georgia,2181
Arkansas,2148
okc,2142
Reno,2124
RhodeIsland,2010
Louisiana,1969
desmoines,1905
Boise,1837
bloomington,1823
providence,1769
southcarolina,1759
missouri,1754
jerseycity,1726
WestVirginia,1643
batonrouge,1606
lincoln,1602
kansas,1599
wichita,1592
Idaho,1571
norfolk,1571
newyork,1541
springfieldMO,1463
LittleRock,1354
mississippi,1353
Nebraska,1102
fayetteville,1058
wyoming,1057
Lawrence,1020
NewMexico,974
northdakota,961
lansing,934
VirginiaBeach,832
duluth,807
SouthDakota,805
Augusta,750
newhaven,737
WorcesterMA,702
ColumbiYEAH,661
shreveport,649
SantaFe,392
Nevada,373
saintpaul,372
SpringfieldIL,302
Newark,300
ames,217
MorgantownWV,189
WilmingtonDE,180
